"Indicator","Market","Destination","Units","2019"
"Visitor arrivals","Alabama","Oahu","persons","15,942"
"Visitor arrivals","Alabama","Kauai","persons","3,741"
"Visitor arrivals","Alabama","Maui Island","persons","7,171"
"Visitor arrivals","Alabama","Molokai","persons","175"
"Visitor arrivals","Alabama","Lanai","persons","275"
"Visitor arrivals","Alabama","Hilo","persons","2,064"
"Visitor arrivals","Alabama","Kona","persons","4,153"
"Visitor arrivals","Alaska","Oahu","persons","45,924"
"Visitor arrivals","Alaska","Kauai","persons","9,880"
"Visitor arrivals","Alaska","Maui Island","persons","23,875"
"Visitor arrivals","Alaska","Molokai","persons","1,313"
"Visitor arrivals","Alaska","Lanai","persons","397"
"Visitor arrivals","Alaska","Hilo","persons","5,887"
"Visitor arrivals","Alaska","Kona","persons","20,806"
"Visitor arrivals","Arizona","Oahu","persons","97,894"
"Visitor arrivals","Arizona","Kauai","persons","38,590"
"Visitor arrivals","Arizona","Maui Island","persons","83,650"
"Visitor arrivals","Arizona","Molokai","persons","1,308"
"Visitor arrivals","Arizona","Lanai","persons","1,948"
"Visitor arrivals","Arizona","Hilo","persons","12,079"
"Visitor arrivals","Arizona","Kona","persons","33,312"
"Visitor arrivals","Arkansas","Oahu","persons","9,840"
"Visitor arrivals","Arkansas","Kauai","persons","2,867"
"Visitor arrivals","Arkansas","Maui Island","persons","5,967"
"Visitor arrivals","Arkansas","Molokai","persons","108"
"Visitor arrivals","Arkansas","Lanai","persons","202"
"Visitor arrivals","Arkansas","Hilo","persons","1,433"
"Visitor arrivals","Arkansas","Kona","persons","3,114"
"Visitor arrivals","California","Oahu","persons","1,163,895"
"Visitor arrivals","California","Kauai","persons","400,469"
"Visitor arrivals","California","Maui Island","persons","937,109"
"Visitor arrivals","California","Molokai","persons","11,691"
"Visitor arrivals","California","Lanai","persons","17,489"
"Visitor arrivals","California","Hilo","persons","116,775"
"Visitor arrivals","California","Kona","persons","379,490"
"Visitor arrivals","Colorado","Oahu","persons","78,552"
"Visitor arrivals","Colorado","Kauai","persons","43,832"
"Visitor arrivals","Colorado","Maui Island","persons","78,122"
"Visitor arrivals","Colorado","Molokai","persons","1,364"
"Visitor arrivals","Colorado","Lanai","persons","1,685"
"Visitor arrivals","Colorado","Hilo","persons","12,650"
"Visitor arrivals","Colorado","Kona","persons","37,598"
"Visitor arrivals","Connecticut","Oahu","persons","15,853"
"Visitor arrivals","Connecticut","Kauai","persons","5,643"
"Visitor arrivals","Connecticut","Maui Island","persons","10,841"
"Visitor arrivals","Connecticut","Molokai","persons","195"
"Visitor arrivals","Connecticut","Lanai","persons","353"
"Visitor arrivals","Connecticut","Hilo","persons","2,389"
"Visitor arrivals","Connecticut","Kona","persons","5,697"
"Visitor arrivals","Delaware","Oahu","persons","3,812"
"Visitor arrivals","Delaware","Kauai","persons","1,190"
"Visitor arrivals","Delaware","Maui Island","persons","2,464"
"Visitor arrivals","Delaware","Molokai","persons","48"
"Visitor arrivals","Delaware","Lanai","persons","73"
"Visitor arrivals","Delaware","Hilo","persons","610"
"Visitor arrivals","Delaware","Kona","persons","1,361"
"Visitor arrivals","Florida","Oahu","persons","87,144"
"Visitor arrivals","Florida","Kauai","persons","25,198"
"Visitor arrivals","Florida","Maui Island","persons","47,997"
"Visitor arrivals","Florida","Molokai","persons","1,082"
"Visitor arrivals","Florida","Lanai","persons","1,722"
"Visitor arrivals","Florida","Hilo","persons","13,545"
"Visitor arrivals","Florida","Kona","persons","27,992"
"Visitor arrivals","Georgia","Oahu","persons","48,902"
"Visitor arrivals","Georgia","Kauai","persons","12,543"
"Visitor arrivals","Georgia","Maui Island","persons","26,333"
"Visitor arrivals","Georgia","Molokai","persons","601"
"Visitor arrivals","Georgia","Lanai","persons","984"
"Visitor arrivals","Georgia","Hilo","persons","5,831"
"Visitor arrivals","Georgia","Kona","persons","13,708"
"Visitor arrivals","Idaho","Oahu","persons","26,071"
"Visitor arrivals","Idaho","Kauai","persons","14,556"
"Visitor arrivals","Idaho","Maui Island","persons","25,090"
"Visitor arrivals","Idaho","Molokai","persons","491"
"Visitor arrivals","Idaho","Lanai","persons","519"
"Visitor arrivals","Idaho","Hilo","persons","3,576"
"Visitor arrivals","Idaho","Kona","persons","12,336"
"Visitor arrivals","Illinois","Oahu","persons","77,118"
"Visitor arrivals","Illinois","Kauai","persons","28,520"
"Visitor arrivals","Illinois","Maui Island","persons","69,908"
"Visitor arrivals","Illinois","Molokai","persons","1,080"
"Visitor arrivals","Illinois","Lanai","persons","1,808"
"Visitor arrivals","Illinois","Hilo","persons","10,761"
"Visitor arrivals","Illinois","Kona","persons","26,429"
"Visitor arrivals","Indiana","Oahu","persons","26,671"
"Visitor arrivals","Indiana","Kauai","persons","10,015"
"Visitor arrivals","Indiana","Maui Island","persons","20,808"
"Visitor arrivals","Indiana","Molokai","persons","403"
"Visitor arrivals","Indiana","Lanai","persons","524"
"Visitor arrivals","Indiana","Hilo","persons","4,139"
"Visitor arrivals","Indiana","Kona","persons","8,872"
"Visitor arrivals","Iowa","Oahu","persons","15,116"
"Visitor arrivals","Iowa","Kauai","persons","6,307"
"Visitor arrivals","Iowa","Maui Island","persons","12,240"
"Visitor arrivals","Iowa","Molokai","persons","179"
"Visitor arrivals","Iowa","Lanai","persons","345"
"Visitor arrivals","Iowa","Hilo","persons","2,327"
"Visitor arrivals","Iowa","Kona","persons","5,817"
"Visitor arrivals","Kansas","Oahu","persons","15,779"
"Visitor arrivals","Kansas","Kauai","persons","5,860"
"Visitor arrivals","Kansas","Maui Island","persons","13,250"
"Visitor arrivals","Kansas","Molokai","persons","235"
"Visitor arrivals","Kansas","Lanai","persons","317"
"Visitor arrivals","Kansas","Hilo","persons","2,288"
"Visitor arrivals","Kansas","Kona","persons","5,466"
"Visitor arrivals","Kentucky","Oahu","persons","14,283"
"Visitor arrivals","Kentucky","Kauai","persons","4,178"
"Visitor arrivals","Kentucky","Maui Island","persons","9,255"
"Visitor arrivals","Kentucky","Molokai","persons","176"
"Visitor arrivals","Kentucky","Lanai","persons","263"
"Visitor arrivals","Kentucky","Hilo","persons","2,002"
"Visitor arrivals","Kentucky","Kona","persons","4,258"
"Visitor arrivals","Louisiana","Oahu","persons","13,290"
"Visitor arrivals","Louisiana","Kauai","persons","3,771"
"Visitor arrivals","Louisiana","Maui Island","persons","7,779"
"Visitor arrivals","Louisiana","Molokai","persons","168"
"Visitor arrivals","Louisiana","Lanai","persons","259"
"Visitor arrivals","Louisiana","Hilo","persons","2,042"
"Visitor arrivals","Louisiana","Kona","persons","4,174"
"Visitor arrivals","Maine","Oahu","persons","5,513"
"Visitor arrivals","Maine","Kauai","persons","1,809"
"Visitor arrivals","Maine","Maui Island","persons","3,098"
"Visitor arrivals","Maine","Molokai","persons","76"
"Visitor arrivals","Maine","Lanai","persons","91"
"Visitor arrivals","Maine","Hilo","persons","925"
"Visitor arrivals","Maine","Kona","persons","1,730"
"Visitor arrivals","Maryland","Oahu","persons","41,913"
"Visitor arrivals","Maryland","Kauai","persons","9,901"
"Visitor arrivals","Maryland","Maui Island","persons","19,740"
"Visitor arrivals","Maryland","Molokai","persons","444"
"Visitor arrivals","Maryland","Lanai","persons","561"
"Visitor arrivals","Maryland","Hilo","persons","5,085"
"Visitor arrivals","Maryland","Kona","persons","11,024"
"Visitor arrivals","Massachusetts","Oahu","persons","41,673"
"Visitor arrivals","Massachusetts","Kauai","persons","14,513"
"Visitor arrivals","Massachusetts","Maui Island","persons","27,681"
"Visitor arrivals","Massachusetts","Molokai","persons","508"
"Visitor arrivals","Massachusetts","Lanai","persons","779"
"Visitor arrivals","Massachusetts","Hilo","persons","6,067"
"Visitor arrivals","Massachusetts","Kona","persons","13,545"
"Visitor arrivals","Michigan","Oahu","persons","41,523"
"Visitor arrivals","Michigan","Kauai","persons","17,056"
"Visitor arrivals","Michigan","Maui Island","persons","34,584"
"Visitor arrivals","Michigan","Molokai","persons","684"
"Visitor arrivals","Michigan","Lanai","persons","877"
"Visitor arrivals","Michigan","Hilo","persons","6,723"
"Visitor arrivals","Michigan","Kona","persons","16,069"
"Visitor arrivals","Minnesota","Oahu","persons","48,025"
"Visitor arrivals","Minnesota","Kauai","persons","19,682"
"Visitor arrivals","Minnesota","Maui Island","persons","38,862"
"Visitor arrivals","Minnesota","Molokai","persons","566"
"Visitor arrivals","Minnesota","Lanai","persons","851"
"Visitor arrivals","Minnesota","Hilo","persons","7,197"
"Visitor arrivals","Minnesota","Kona","persons","19,199"
"Visitor arrivals","Mississippi","Oahu","persons","6,676"
"Visitor arrivals","Mississippi","Kauai","persons","1,402"
"Visitor arrivals","Mississippi","Maui Island","persons","3,206"
"Visitor arrivals","Mississippi","Molokai","persons","65"
"Visitor arrivals","Mississippi","Lanai","persons","111"
"Visitor arrivals","Mississippi","Hilo","persons","775"
"Visitor arrivals","Mississippi","Kona","persons","1,720"
"Visitor arrivals","Missouri","Oahu","persons","30,921"
"Visitor arrivals","Missouri","Kauai","persons","11,596"
"Visitor arrivals","Missouri","Maui Island","persons","22,882"
"Visitor arrivals","Missouri","Molokai","persons","415"
"Visitor arrivals","Missouri","Lanai","persons","709"
"Visitor arrivals","Missouri","Hilo","persons","4,562"
"Visitor arrivals","Missouri","Kona","persons","10,328"
"Visitor arrivals","Montana","Oahu","persons","10,440"
"Visitor arrivals","Montana","Kauai","persons","7,158"
"Visitor arrivals","Montana","Maui Island","persons","11,457"
"Visitor arrivals","Montana","Molokai","persons","306"
"Visitor arrivals","Montana","Lanai","persons","236"
"Visitor arrivals","Montana","Hilo","persons","1,891"
"Visitor arrivals","Montana","Kona","persons","6,662"
"Visitor arrivals","N. Carolina","Oahu","persons","38,943"
"Visitor arrivals","N. Carolina","Kauai","persons","11,631"
"Visitor arrivals","N. Carolina","Maui Island","persons","22,933"
"Visitor arrivals","N. Carolina","Molokai","persons","459"
"Visitor arrivals","N. Carolina","Lanai","persons","831"
"Visitor arrivals","N. Carolina","Hilo","persons","5,921"
"Visitor arrivals","N. Carolina","Kona","persons","12,470"
"Visitor arrivals","N. Dakota","Oahu","persons","4,532"
"Visitor arrivals","N. Dakota","Kauai","persons","1,667"
"Visitor arrivals","N. Dakota","Maui Island","persons","3,836"
"Visitor arrivals","N. Dakota","Molokai","persons","72"
"Visitor arrivals","N. Dakota","Lanai","persons","86"
"Visitor arrivals","N. Dakota","Hilo","persons","582"
"Visitor arrivals","N. Dakota","Kona","persons","1,557"
"Visitor arrivals","Nebraska","Oahu","persons","11,315"
"Visitor arrivals","Nebraska","Kauai","persons","4,197"
"Visitor arrivals","Nebraska","Maui Island","persons","9,089"
"Visitor arrivals","Nebraska","Molokai","persons","151"
"Visitor arrivals","Nebraska","Lanai","persons","269"
"Visitor arrivals","Nebraska","Hilo","persons","1,510"
"Visitor arrivals","Nebraska","Kona","persons","3,940"
"Visitor arrivals","Nevada","Oahu","persons","67,113"
"Visitor arrivals","Nevada","Kauai","persons","17,214"
"Visitor arrivals","Nevada","Maui Island","persons","41,208"
"Visitor arrivals","Nevada","Molokai","persons","751"
"Visitor arrivals","Nevada","Lanai","persons","981"
"Visitor arrivals","Nevada","Hilo","persons","6,631"
"Visitor arrivals","Nevada","Kona","persons","18,919"
"Visitor arrivals","New Hampshire","Oahu","persons","6,899"
"Visitor arrivals","New Hampshire","Kauai","persons","2,346"
"Visitor arrivals","New Hampshire","Maui Island","persons","4,260"
"Visitor arrivals","New Hampshire","Molokai","persons","86"
"Visitor arrivals","New Hampshire","Lanai","persons","127"
"Visitor arrivals","New Hampshire","Hilo","persons","1,020"
"Visitor arrivals","New Hampshire","Kona","persons","2,256"
"Visitor arrivals","New Jersey","Oahu","persons","48,860"
"Visitor arrivals","New Jersey","Kauai","persons","16,248"
"Visitor arrivals","New Jersey","Maui Island","persons","33,950"
"Visitor arrivals","New Jersey","Molokai","persons","554"
"Visitor arrivals","New Jersey","Lanai","persons","941"
"Visitor arrivals","New Jersey","Hilo","persons","7,020"
"Visitor arrivals","New Jersey","Kona","persons","15,930"
"Visitor arrivals","New Mexico","Oahu","persons","15,481"
"Visitor arrivals","New Mexico","Kauai","persons","6,890"
"Visitor arrivals","New Mexico","Maui Island","persons","11,203"
"Visitor arrivals","New Mexico","Molokai","persons","294"
"Visitor arrivals","New Mexico","Lanai","persons","273"
"Visitor arrivals","New Mexico","Hilo","persons","2,322"
"Visitor arrivals","New Mexico","Kona","persons","5,604"
"Visitor arrivals","New York","Oahu","persons","93,602"
"Visitor arrivals","New York","Kauai","persons","29,376"
"Visitor arrivals","New York","Maui Island","persons","57,998"
"Visitor arrivals","New York","Molokai","persons","1,180"
"Visitor arrivals","New York","Lanai","persons","2,333"
"Visitor arrivals","New York","Hilo","persons","12,997"
"Visitor arrivals","New York","Kona","persons","28,968"
"Visitor arrivals","Ohio","Oahu","persons","44,467"
"Visitor arrivals","Ohio","Kauai","persons","16,079"
"Visitor arrivals","Ohio","Maui Island","persons","34,355"
"Visitor arrivals","Ohio","Molokai","persons","637"
"Visitor arrivals","Ohio","Lanai","persons","864"
"Visitor arrivals","Ohio","Hilo","persons","7,431"
"Visitor arrivals","Ohio","Kona","persons","16,142"
"Visitor arrivals","Oklahoma","Oahu","persons","18,023"
"Visitor arrivals","Oklahoma","Kauai","persons","5,773"
"Visitor arrivals","Oklahoma","Maui Island","persons","12,657"
"Visitor arrivals","Oklahoma","Molokai","persons","158"
"Visitor arrivals","Oklahoma","Lanai","persons","306"
"Visitor arrivals","Oklahoma","Hilo","persons","2,193"
"Visitor arrivals","Oklahoma","Kona","persons","5,321"
"Visitor arrivals","Oregon","Oahu","persons","97,532"
"Visitor arrivals","Oregon","Kauai","persons","46,059"
"Visitor arrivals","Oregon","Maui Island","persons","107,429"
"Visitor arrivals","Oregon","Molokai","persons","2,019"
"Visitor arrivals","Oregon","Lanai","persons","1,773"
"Visitor arrivals","Oregon","Hilo","persons","14,591"
"Visitor arrivals","Oregon","Kona","persons","51,612"
"Visitor arrivals","Pennsylvania","Oahu","persons","45,917"
"Visitor arrivals","Pennsylvania","Kauai","persons","15,813"
"Visitor arrivals","Pennsylvania","Maui Island","persons","30,913"
"Visitor arrivals","Pennsylvania","Molokai","persons","706"
"Visitor arrivals","Pennsylvania","Lanai","persons","903"
"Visitor arrivals","Pennsylvania","Hilo","persons","7,533"
"Visitor arrivals","Pennsylvania","Kona","persons","16,050"
"Visitor arrivals","Rhode Island","Oahu","persons","4,761"
"Visitor arrivals","Rhode Island","Kauai","persons","1,315"
"Visitor arrivals","Rhode Island","Maui Island","persons","2,401"
"Visitor arrivals","Rhode Island","Molokai","persons","60"
"Visitor arrivals","Rhode Island","Lanai","persons","74"
"Visitor arrivals","Rhode Island","Hilo","persons","583"
"Visitor arrivals","Rhode Island","Kona","persons","1,127"
"Visitor arrivals","S. Carolina","Oahu","persons","17,534"
"Visitor arrivals","S. Carolina","Kauai","persons","4,916"
"Visitor arrivals","S. Carolina","Maui Island","persons","9,544"
"Visitor arrivals","S. Carolina","Molokai","persons","226"
"Visitor arrivals","S. Carolina","Lanai","persons","305"
"Visitor arrivals","S. Carolina","Hilo","persons","2,787"
"Visitor arrivals","S. Carolina","Kona","persons","5,585"
"Visitor arrivals","S. Dakota","Oahu","persons","4,943"
"Visitor arrivals","S. Dakota","Kauai","persons","1,814"
"Visitor arrivals","S. Dakota","Maui Island","persons","3,882"
"Visitor arrivals","S. Dakota","Molokai","persons","86"
"Visitor arrivals","S. Dakota","Lanai","persons","85"
"Visitor arrivals","S. Dakota","Hilo","persons","825"
"Visitor arrivals","S. Dakota","Kona","persons","1,806"
"Visitor arrivals","Tennessee","Oahu","persons","26,954"
"Visitor arrivals","Tennessee","Kauai","persons","8,237"
"Visitor arrivals","Tennessee","Maui Island","persons","17,112"
"Visitor arrivals","Tennessee","Molokai","persons","346"
"Visitor arrivals","Tennessee","Lanai","persons","644"
"Visitor arrivals","Tennessee","Hilo","persons","3,921"
"Visitor arrivals","Tennessee","Kona","persons","8,587"
"Visitor arrivals","Texas","Oahu","persons","179,093"
"Visitor arrivals","Texas","Kauai","persons","54,479"
"Visitor arrivals","Texas","Maui Island","persons","125,738"
"Visitor arrivals","Texas","Molokai","persons","2,056"
"Visitor arrivals","Texas","Lanai","persons","3,554"
"Visitor arrivals","Texas","Hilo","persons","22,411"
"Visitor arrivals","Texas","Kona","persons","53,314"
"Visitor arrivals","Utah","Oahu","persons","82,476"
"Visitor arrivals","Utah","Kauai","persons","38,723"
"Visitor arrivals","Utah","Maui Island","persons","53,006"
"Visitor arrivals","Utah","Molokai","persons","798"
"Visitor arrivals","Utah","Lanai","persons","1,187"
"Visitor arrivals","Utah","Hilo","persons","7,425"
"Visitor arrivals","Utah","Kona","persons","22,030"
"Visitor arrivals","Vermont","Oahu","persons","2,691"
"Visitor arrivals","Vermont","Kauai","persons","1,213"
"Visitor arrivals","Vermont","Maui Island","persons","2,045"
"Visitor arrivals","Vermont","Molokai","persons","80"
"Visitor arrivals","Vermont","Lanai","persons","72"
"Visitor arrivals","Vermont","Hilo","persons","486"
"Visitor arrivals","Vermont","Kona","persons","1,052"
"Visitor arrivals","Virginia","Oahu","persons","68,481"
"Visitor arrivals","Virginia","Kauai","persons","15,041"
"Visitor arrivals","Virginia","Maui Island","persons","28,243"
"Visitor arrivals","Virginia","Molokai","persons","645"
"Visitor arrivals","Virginia","Lanai","persons","868"
"Visitor arrivals","Virginia","Hilo","persons","7,292"
"Visitor arrivals","Virginia","Kona","persons","16,271"
"Visitor arrivals","Washington","Oahu","persons","241,910"
"Visitor arrivals","Washington","Kauai","persons","98,042"
"Visitor arrivals","Washington","Maui Island","persons","227,780"
"Visitor arrivals","Washington","Molokai","persons","3,945"
"Visitor arrivals","Washington","Lanai","persons","3,688"
"Visitor arrivals","Washington","Hilo","persons","29,152"
"Visitor arrivals","Washington","Kona","persons","108,255"
"Visitor arrivals","Washington, D.C.","Oahu","persons","7,820"
"Visitor arrivals","Washington, D.C.","Kauai","persons","2,365"
"Visitor arrivals","Washington, D.C.","Maui Island","persons","4,298"
"Visitor arrivals","Washington, D.C.","Molokai","persons","72"
"Visitor arrivals","Washington, D.C.","Lanai","persons","136"
"Visitor arrivals","Washington, D.C.","Hilo","persons","1,007"
"Visitor arrivals","Washington, D.C.","Kona","persons","2,266"
"Visitor arrivals","W. Virginia","Oahu","persons","4,158"
"Visitor arrivals","W. Virginia","Kauai","persons","1,046"
"Visitor arrivals","W. Virginia","Maui Island","persons","2,214"
"Visitor arrivals","W. Virginia","Molokai","persons","50"
"Visitor arrivals","W. Virginia","Lanai","persons","42"
"Visitor arrivals","W. Virginia","Hilo","persons","672"
"Visitor arrivals","W. Virginia","Kona","persons","1,281"
"Visitor arrivals","Wisconsin","Oahu","persons","29,066"
"Visitor arrivals","Wisconsin","Kauai","persons","12,580"
"Visitor arrivals","Wisconsin","Maui Island","persons","24,134"
"Visitor arrivals","Wisconsin","Molokai","persons","440"
"Visitor arrivals","Wisconsin","Lanai","persons","578"
"Visitor arrivals","Wisconsin","Hilo","persons","4,907"
"Visitor arrivals","Wisconsin","Kona","persons","11,597"
"Visitor arrivals","Wyoming","Oahu","persons","4,620"
"Visitor arrivals","Wyoming","Kauai","persons","2,436"
"Visitor arrivals","Wyoming","Maui Island","persons","3,917"
"Visitor arrivals","Wyoming","Molokai","persons","79"
"Visitor arrivals","Wyoming","Lanai","persons","105"
"Visitor arrivals","Wyoming","Hilo","persons","793"
"Visitor arrivals","Wyoming","Kona","persons","2,471"
"Visitor days","Alabama","Oahu","days","117,954"
"Visitor days","Alabama","Kauai","days","24,094"
"Visitor days","Alabama","Maui Island","days","51,391"
"Visitor days","Alabama","Molokai","days","737"
"Visitor days","Alabama","Lanai","days","842"
"Visitor days","Alabama","Hilo","days","8,890"
"Visitor days","Alabama","Kona","days","26,163"
"Visitor days","Alaska","Oahu","days","368,367"
"Visitor days","Alaska","Kauai","days","101,923"
"Visitor days","Alaska","Maui Island","days","251,443"
"Visitor days","Alaska","Molokai","days","15,142"
"Visitor days","Alaska","Lanai","days","1,942"
"Visitor days","Alaska","Hilo","days","41,970"
"Visitor days","Alaska","Kona","days","234,965"
"Visitor days","Arizona","Oahu","days","686,305"
"Visitor days","Arizona","Kauai","days","302,061"
"Visitor days","Arizona","Maui Island","days","670,003"
"Visitor days","Arizona","Molokai","days","6,450"
"Visitor days","Arizona","Lanai","days","7,264"
"Visitor days","Arizona","Hilo","days","58,962"
"Visitor days","Arizona","Kona","days","248,980"
"Visitor days","Arkansas","Oahu","days","69,315"
"Visitor days","Arkansas","Kauai","days","19,982"
"Visitor days","Arkansas","Maui Island","days","44,948"
"Visitor days","Arkansas","Molokai","days","580"
"Visitor days","Arkansas","Lanai","days","521"
"Visitor days","Arkansas","Hilo","days","6,201"
"Visitor days","Arkansas","Kona","days","20,168"
"Visitor days","California","Oahu","days","7,881,640"
"Visitor days","California","Kauai","days","3,098,755"
"Visitor days","California","Maui Island","days","7,183,808"
"Visitor days","California","Molokai","days","57,553"
"Visitor days","California","Lanai","days","72,952"
"Visitor days","California","Hilo","days","547,904"
"Visitor days","California","Kona","days","2,745,126"
"Visitor days","Colorado","Oahu","days","552,371"
"Visitor days","Colorado","Kauai","days","366,939"
"Visitor days","Colorado","Maui Island","days","652,442"
"Visitor days","Colorado","Molokai","days","7,946"
"Visitor days","Colorado","Lanai","days","6,387"
"Visitor days","Colorado","Hilo","days","61,097"
"Visitor days","Colorado","Kona","days","306,077"
"Visitor days","Connecticut","Oahu","days","113,183"
"Visitor days","Connecticut","Kauai","days","41,245"
"Visitor days","Connecticut","Maui Island","days","86,140"
"Visitor days","Connecticut","Molokai","days","1,203"
"Visitor days","Connecticut","Lanai","days","1,194"
"Visitor days","Connecticut","Hilo","days","11,088"
"Visitor days","Connecticut","Kona","days","39,292"
"Visitor days","Delaware","Oahu","days","28,802"
"Visitor days","Delaware","Kauai","days","8,528"
"Visitor days","Delaware","Maui Island","days","20,731"
"Visitor days","Delaware","Molokai","days","186"
"Visitor days","Delaware","Lanai","days","119"
"Visitor days","Delaware","Hilo","days","2,711"
"Visitor days","Delaware","Kona","days","9,928"
"Visitor days","Florida","Oahu","days","627,051"
"Visitor days","Florida","Kauai","days","155,792"
"Visitor days","Florida","Maui Island","days","358,106"
"Visitor days","Florida","Molokai","days","3,998"
"Visitor days","Florida","Lanai","days","6,652"
"Visitor days","Florida","Hilo","days","50,479"
"Visitor days","Florida","Kona","days","171,855"
"Visitor days","Georgia","Oahu","days","346,103"
"Visitor days","Georgia","Kauai","days","78,813"
"Visitor days","Georgia","Maui Island","days","187,482"
"Visitor days","Georgia","Molokai","days","2,787"
"Visitor days","Georgia","Lanai","days","3,331"
"Visitor days","Georgia","Hilo","days","22,607"
"Visitor days","Georgia","Kona","days","88,340"
"Visitor days","Idaho","Oahu","days","202,663"
"Visitor days","Idaho","Kauai","days","126,690"
"Visitor days","Idaho","Maui Island","days","218,457"
"Visitor days","Idaho","Molokai","days","3,869"
"Visitor days","Idaho","Lanai","days","2,588"
"Visitor days","Idaho","Hilo","days","19,545"
"Visitor days","Idaho","Kona","days","105,857"
"Visitor days","Illinois","Oahu","days","511,794"
"Visitor days","Illinois","Kauai","days","204,298"
"Visitor days","Illinois","Maui Island","days","564,757"
"Visitor days","Illinois","Molokai","days","4,938"
"Visitor days","Illinois","Lanai","days","6,690"
"Visitor days","Illinois","Hilo","days","43,485"
"Visitor days","Illinois","Kona","days","184,225"
"Visitor days","Indiana","Oahu","days","184,810"
"Visitor days","Indiana","Kauai","days","72,318"
"Visitor days","Indiana","Maui Island","days","168,546"
"Visitor days","Indiana","Molokai","days","2,403"
"Visitor days","Indiana","Lanai","days","1,548"
"Visitor days","Indiana","Hilo","days","15,742"
"Visitor days","Indiana","Kona","days","58,055"
"Visitor days","Iowa","Oahu","days","106,239"
"Visitor days","Iowa","Kauai","days","48,620"
"Visitor days","Iowa","Maui Island","days","102,198"
"Visitor days","Iowa","Molokai","days","945"
"Visitor days","Iowa","Lanai","days","934"
"Visitor days","Iowa","Hilo","days","9,231"
"Visitor days","Iowa","Kona","days","43,445"
"Visitor days","Kansas","Oahu","days","111,996"
"Visitor days","Kansas","Kauai","days","42,269"
"Visitor days","Kansas","Maui Island","days","105,014"
"Visitor days","Kansas","Molokai","days","826"
"Visitor days","Kansas","Lanai","days","1,171"
"Visitor days","Kansas","Hilo","days","9,609"
"Visitor days","Kansas","Kona","days","36,294"
"Visitor days","Kentucky","Oahu","days","102,492"
"Visitor days","Kentucky","Kauai","days","27,673"
"Visitor days","Kentucky","Maui Island","days","72,149"
"Visitor days","Kentucky","Molokai","days","678"
"Visitor days","Kentucky","Lanai","days","791"
"Visitor days","Kentucky","Hilo","days","8,174"
"Visitor days","Kentucky","Kona","days","28,447"
"Visitor days","Louisiana","Oahu","days","93,102"
"Visitor days","Louisiana","Kauai","days","23,819"
"Visitor days","Louisiana","Maui Island","days","54,190"
"Visitor days","Louisiana","Molokai","days","647"
"Visitor days","Louisiana","Lanai","days","776"
"Visitor days","Louisiana","Hilo","days","7,379"
"Visitor days","Louisiana","Kona","days","24,801"
"Visitor days","Maine","Oahu","days","48,552"
"Visitor days","Maine","Kauai","days","15,341"
"Visitor days","Maine","Maui Island","days","27,897"
"Visitor days","Maine","Molokai","days","613"
"Visitor days","Maine","Lanai","days","378"
"Visitor days","Maine","Hilo","days","5,509"
"Visitor days","Maine","Kona","days","14,126"
"Visitor days","Maryland","Oahu","days","312,904"
"Visitor days","Maryland","Kauai","days","66,119"
"Visitor days","Maryland","Maui Island","days","146,412"
"Visitor days","Maryland","Molokai","days","2,258"
"Visitor days","Maryland","Lanai","days","1,959"
"Visitor days","Maryland","Hilo","days","20,547"
"Visitor days","Maryland","Kona","days","70,670"
"Visitor days","Massachusetts","Oahu","days","297,848"
"Visitor days","Massachusetts","Kauai","days","105,933"
"Visitor days","Massachusetts","Maui Island","days","224,631"
"Visitor days","Massachusetts","Molokai","days","2,674"
"Visitor days","Massachusetts","Lanai","days","2,660"
"Visitor days","Massachusetts","Hilo","days","28,619"
"Visitor days","Massachusetts","Kona","days","94,775"
"Visitor days","Michigan","Oahu","days","293,130"
"Visitor days","Michigan","Kauai","days","129,199"
"Visitor days","Michigan","Maui Island","days","296,513"
"Visitor days","Michigan","Molokai","days","3,618"
"Visitor days","Michigan","Lanai","days","3,270"
"Visitor days","Michigan","Hilo","days","29,140"
"Visitor days","Michigan","Kona","days","120,111"
"Visitor days","Minnesota","Oahu","days","346,188"
"Visitor days","Minnesota","Kauai","days","162,084"
"Visitor days","Minnesota","Maui Island","days","350,064"
"Visitor days","Minnesota","Molokai","days","3,603"
"Visitor days","Minnesota","Lanai","days","3,130"
"Visitor days","Minnesota","Hilo","days","31,770"
"Visitor days","Minnesota","Kona","days","156,956"
"Visitor days","Mississippi","Oahu","days","48,478"
"Visitor days","Mississippi","Kauai","days","8,875"
"Visitor days","Mississippi","Maui Island","days","23,072"
"Visitor days","Mississippi","Molokai","days","284"
"Visitor days","Mississippi","Lanai","days","471"
"Visitor days","Mississippi","Hilo","days","3,622"
"Visitor days","Mississippi","Kona","days","11,092"
"Visitor days","Missouri","Oahu","days","215,042"
"Visitor days","Missouri","Kauai","days","86,440"
"Visitor days","Missouri","Maui Island","days","180,677"
"Visitor days","Missouri","Molokai","days","1,950"
"Visitor days","Missouri","Lanai","days","3,034"
"Visitor days","Missouri","Hilo","days","17,682"
"Visitor days","Missouri","Kona","days","69,979"
"Visitor days","Montana","Oahu","days","82,303"
"Visitor days","Montana","Kauai","days","66,685"
"Visitor days","Montana","Maui Island","days","108,347"
"Visitor days","Montana","Molokai","days","3,004"
"Visitor days","Montana","Lanai","days","1,088"
"Visitor days","Montana","Hilo","days","9,905"
"Visitor days","Montana","Kona","days","64,426"
"Visitor days","N. Carolina","Oahu","days","285,191"
"Visitor days","N. Carolina","Kauai","days","77,441"
"Visitor days","N. Carolina","Maui Island","days","172,921"
"Visitor days","N. Carolina","Molokai","days","1,719"
"Visitor days","N. Carolina","Lanai","days","3,185"
"Visitor days","N. Carolina","Hilo","days","23,830"
"Visitor days","N. Carolina","Kona","days","83,629"
"Visitor days","N. Dakota","Oahu","days","33,188"
"Visitor days","N. Dakota","Kauai","days","13,916"
"Visitor days","N. Dakota","Maui Island","days","32,769"
"Visitor days","N. Dakota","Molokai","days","1,281"
"Visitor days","N. Dakota","Lanai","days","279"
"Visitor days","N. Dakota","Hilo","days","3,818"
"Visitor days","N. Dakota","Kona","days","12,295"
"Visitor days","Nebraska","Oahu","days","79,035"
"Visitor days","Nebraska","Kauai","days","30,471"
"Visitor days","Nebraska","Maui Island","days","71,976"
"Visitor days","Nebraska","Molokai","days","653"
"Visitor days","Nebraska","Lanai","days","701"
"Visitor days","Nebraska","Hilo","days","6,548"
"Visitor days","Nebraska","Kona","days","30,186"
"Visitor days","Nevada","Oahu","days","495,648"
"Visitor days","Nevada","Kauai","days","133,633"
"Visitor days","Nevada","Maui Island","days","335,417"
"Visitor days","Nevada","Molokai","days","4,071"
"Visitor days","Nevada","Lanai","days","4,869"
"Visitor days","Nevada","Hilo","days","36,090"
"Visitor days","Nevada","Kona","days","141,823"
"Visitor days","New Hampshire","Oahu","days","55,896"
"Visitor days","New Hampshire","Kauai","days","19,499"
"Visitor days","New Hampshire","Maui Island","days","37,515"
"Visitor days","New Hampshire","Molokai","days","636"
"Visitor days","New Hampshire","Lanai","days","567"
"Visitor days","New Hampshire","Hilo","days","4,375"
"Visitor days","New Hampshire","Kona","days","17,350"
"Visitor days","New Jersey","Oahu","days","320,917"
"Visitor days","New Jersey","Kauai","days","101,963"
"Visitor days","New Jersey","Maui Island","days","251,779"
"Visitor days","New Jersey","Molokai","days","2,294"
"Visitor days","New Jersey","Lanai","days","3,248"
"Visitor days","New Jersey","Hilo","days","27,923"
"Visitor days","New Jersey","Kona","days","99,890"
"Visitor days","New Mexico","Oahu","days","115,532"
"Visitor days","New Mexico","Kauai","days","58,894"
"Visitor days","New Mexico","Maui Island","days","92,910"
"Visitor days","New Mexico","Molokai","days","1,568"
"Visitor days","New Mexico","Lanai","days","843"
"Visitor days","New Mexico","Hilo","days","12,273"
"Visitor days","New Mexico","Kona","days","43,462"
"Visitor days","New York","Oahu","days","639,862"
"Visitor days","New York","Kauai","days","193,963"
"Visitor days","New York","Maui Island","days","440,096"
"Visitor days","New York","Molokai","days","6,373"
"Visitor days","New York","Lanai","days","9,490"
"Visitor days","New York","Hilo","days","55,837"
"Visitor days","New York","Kona","days","189,128"
"Visitor days","Ohio","Oahu","days","305,233"
"Visitor days","Ohio","Kauai","days","110,265"
"Visitor days","Ohio","Maui Island","days","269,604"
"Visitor days","Ohio","Molokai","days","3,266"
"Visitor days","Ohio","Lanai","days","2,948"
"Visitor days","Ohio","Hilo","days","28,230"
"Visitor days","Ohio","Kona","days","108,662"
"Visitor days","Oklahoma","Oahu","days","131,360"
"Visitor days","Oklahoma","Kauai","days","42,262"
"Visitor days","Oklahoma","Maui Island","days","97,675"
"Visitor days","Oklahoma","Molokai","days","502"
"Visitor days","Oklahoma","Lanai","days","1,048"
"Visitor days","Oklahoma","Hilo","days","9,813"
"Visitor days","Oklahoma","Kona","days","38,194"
"Visitor days","Oregon","Oahu","days","735,931"
"Visitor days","Oregon","Kauai","days","403,073"
"Visitor days","Oregon","Maui Island","days","955,144"
"Visitor days","Oregon","Molokai","days","15,995"
"Visitor days","Oregon","Lanai","days","7,927"
"Visitor days","Oregon","Hilo","days","78,664"
"Visitor days","Oregon","Kona","days","456,809"
"Visitor days","Pennsylvania","Oahu","days","324,501"
"Visitor days","Pennsylvania","Kauai","days","102,768"
"Visitor days","Pennsylvania","Maui Island","days","237,660"
"Visitor days","Pennsylvania","Molokai","days","3,668"
"Visitor days","Pennsylvania","Lanai","days","3,125"
"Visitor days","Pennsylvania","Hilo","days","31,351"
"Visitor days","Pennsylvania","Kona","days","110,982"
"Visitor days","Rhode Island","Oahu","days","37,529"
"Visitor days","Rhode Island","Kauai","days","8,876"
"Visitor days","Rhode Island","Maui Island","days","19,095"
"Visitor days","Rhode Island","Molokai","days","194"
"Visitor days","Rhode Island","Lanai","days","151"
"Visitor days","Rhode Island","Hilo","days","2,838"
"Visitor days","Rhode Island","Kona","days","7,427"
"Visitor days","S. Carolina","Oahu","days","133,771"
"Visitor days","S. Carolina","Kauai","days","32,120"
"Visitor days","S. Carolina","Maui Island","days","72,279"
"Visitor days","S. Carolina","Molokai","days","1,073"
"Visitor days","S. Carolina","Lanai","days","998"
"Visitor days","S. Carolina","Hilo","days","10,608"
"Visitor days","S. Carolina","Kona","days","36,351"
"Visitor days","S. Dakota","Oahu","days","36,539"
"Visitor days","S. Dakota","Kauai","days","15,059"
"Visitor days","S. Dakota","Maui Island","days","34,122"
"Visitor days","S. Dakota","Molokai","days","712"
"Visitor days","S. Dakota","Lanai","days","362"
"Visitor days","S. Dakota","Hilo","days","4,635"
"Visitor days","S. Dakota","Kona","days","16,490"
"Visitor days","Tennessee","Oahu","days","191,479"
"Visitor days","Tennessee","Kauai","days","55,664"
"Visitor days","Tennessee","Maui Island","days","127,315"
"Visitor days","Tennessee","Molokai","days","1,231"
"Visitor days","Tennessee","Lanai","days","2,425"
"Visitor days","Tennessee","Hilo","days","14,502"
"Visitor days","Tennessee","Kona","days","57,866"
"Visitor days","Texas","Oahu","days","1,228,481"
"Visitor days","Texas","Kauai","days","381,420"
"Visitor days","Texas","Maui Island","days","931,133"
"Visitor days","Texas","Molokai","days","9,044"
"Visitor days","Texas","Lanai","days","12,268"
"Visitor days","Texas","Hilo","days","90,253"
"Visitor days","Texas","Kona","days","348,775"
"Visitor days","Utah","Oahu","days","609,121"
"Visitor days","Utah","Kauai","days","315,475"
"Visitor days","Utah","Maui Island","days","427,254"
"Visitor days","Utah","Molokai","days","4,117"
"Visitor days","Utah","Lanai","days","5,303"
"Visitor days","Utah","Hilo","days","32,831"
"Visitor days","Utah","Kona","days","161,605"
"Visitor days","Vermont","Oahu","days","23,871"
"Visitor days","Vermont","Kauai","days","12,199"
"Visitor days","Vermont","Maui Island","days","19,574"
"Visitor days","Vermont","Molokai","days","1,057"
"Visitor days","Vermont","Lanai","days","298"
"Visitor days","Vermont","Hilo","days","3,635"
"Visitor days","Vermont","Kona","days","9,625"
"Visitor days","Virginia","Oahu","days","533,373"
"Visitor days","Virginia","Kauai","days","102,699"
"Visitor days","Virginia","Maui Island","days","212,746"
"Visitor days","Virginia","Molokai","days","2,952"
"Visitor days","Virginia","Lanai","days","3,436"
"Visitor days","Virginia","Hilo","days","31,155"
"Visitor days","Virginia","Kona","days","110,324"
"Visitor days","Washington","Oahu","days","1,840,403"
"Visitor days","Washington","Kauai","days","867,047"
"Visitor days","Washington","Maui Island","days","2,054,975"
"Visitor days","Washington","Molokai","days","33,062"
"Visitor days","Washington","Lanai","days","16,545"
"Visitor days","Washington","Hilo","days","147,652"
"Visitor days","Washington","Kona","days","950,701"
"Visitor days","Washington, D.C.","Oahu","days","52,165"
"Visitor days","Washington, D.C.","Kauai","days","15,761"
"Visitor days","Washington, D.C.","Maui Island","days","30,966"
"Visitor days","Washington, D.C.","Molokai","days","367"
"Visitor days","Washington, D.C.","Lanai","days","512"
"Visitor days","Washington, D.C.","Hilo","days","4,517"
"Visitor days","Washington, D.C.","Kona","days","14,572"
"Visitor days","W. Virginia","Oahu","days","32,239"
"Visitor days","W. Virginia","Kauai","days","7,357"
"Visitor days","W. Virginia","Maui Island","days","17,031"
"Visitor days","W. Virginia","Molokai","days","242"
"Visitor days","W. Virginia","Lanai","days","123"
"Visitor days","W. Virginia","Hilo","days","2,761"
"Visitor days","W. Virginia","Kona","days","8,919"
"Visitor days","Wisconsin","Oahu","days","206,213"
"Visitor days","Wisconsin","Kauai","days","97,263"
"Visitor days","Wisconsin","Maui Island","days","204,835"
"Visitor days","Wisconsin","Molokai","days","2,928"
"Visitor days","Wisconsin","Lanai","days","1,965"
"Visitor days","Wisconsin","Hilo","days","22,644"
"Visitor days","Wisconsin","Kona","days","90,608"
"Visitor days","Wyoming","Oahu","days","34,822"
"Visitor days","Wyoming","Kauai","days","20,385"
"Visitor days","Wyoming","Maui Island","days","34,074"
"Visitor days","Wyoming","Molokai","days","585"
"Visitor days","Wyoming","Lanai","days","569"
"Visitor days","Wyoming","Hilo","days","3,635"
"Visitor days","Wyoming","Kona","days","21,321"
"Length of stay","Alabama","Oahu","days","7.40"
"Length of stay","Alabama","Kauai","days","6.44"
"Length of stay","Alabama","Maui Island","days","7.17"
"Length of stay","Alabama","Molokai","days","4.20"
"Length of stay","Alabama","Lanai","days","3.06"
"Length of stay","Alabama","Hilo","days","4.31"
"Length of stay","Alabama","Kona","days","6.30"
"Length of stay","Alaska","Oahu","days","8.02"
"Length of stay","Alaska","Kauai","days","10.32"
"Length of stay","Alaska","Maui Island","days","10.53"
"Length of stay","Alaska","Molokai","days","11.53"
"Length of stay","Alaska","Lanai","days","4.90"
"Length of stay","Alaska","Hilo","days","7.13"
"Length of stay","Alaska","Kona","days","11.29"
"Length of stay","Arizona","Oahu","days","7.01"
"Length of stay","Arizona","Kauai","days","7.83"
"Length of stay","Arizona","Maui Island","days","8.01"
"Length of stay","Arizona","Molokai","days","4.93"
"Length of stay","Arizona","Lanai","days","3.73"
"Length of stay","Arizona","Hilo","days","4.88"
"Length of stay","Arizona","Kona","days","7.47"
"Length of stay","Arkansas","Oahu","days","7.04"
"Length of stay","Arkansas","Kauai","days","6.97"
"Length of stay","Arkansas","Maui Island","days","7.53"
"Length of stay","Arkansas","Molokai","days","5.38"
"Length of stay","Arkansas","Lanai","days","2.58"
"Length of stay","Arkansas","Hilo","days","4.33"
"Length of stay","Arkansas","Kona","days","6.48"
"Length of stay","California","Oahu","days","6.77"
"Length of stay","California","Kauai","days","7.74"
"Length of stay","California","Maui Island","days","7.67"
"Length of stay","California","Molokai","days","4.92"
"Length of stay","California","Lanai","days","4.17"
"Length of stay","California","Hilo","days","4.69"
"Length of stay","California","Kona","days","7.23"
"Length of stay","Colorado","Oahu","days","7.03"
"Length of stay","Colorado","Kauai","days","8.37"
"Length of stay","Colorado","Maui Island","days","8.35"
"Length of stay","Colorado","Molokai","days","5.83"
"Length of stay","Colorado","Lanai","days","3.79"
"Length of stay","Colorado","Hilo","days","4.83"
"Length of stay","Colorado","Kona","days","8.14"
"Length of stay","Connecticut","Oahu","days","7.14"
"Length of stay","Connecticut","Kauai","days","7.31"
"Length of stay","Connecticut","Maui Island","days","7.95"
"Length of stay","Connecticut","Molokai","days","6.17"
"Length of stay","Connecticut","Lanai","days","3.38"
"Length of stay","Connecticut","Hilo","days","4.64"
"Length of stay","Connecticut","Kona","days","6.90"
"Length of stay","Delaware","Oahu","days","7.56"
"Length of stay","Delaware","Kauai","days","7.17"
"Length of stay","Delaware","Maui Island","days","8.41"
"Length of stay","Delaware","Molokai","days","3.89"
"Length of stay","Delaware","Lanai","days","1.63"
"Length of stay","Delaware","Hilo","days","4.44"
"Length of stay","Delaware","Kona","days","7.30"
"Length of stay","Florida","Oahu","days","7.20"
"Length of stay","Florida","Kauai","days","6.18"
"Length of stay","Florida","Maui Island","days","7.46"
"Length of stay","Florida","Molokai","days","3.70"
"Length of stay","Florida","Lanai","days","3.86"
"Length of stay","Florida","Hilo","days","3.73"
"Length of stay","Florida","Kona","days","6.14"
"Length of stay","Georgia","Oahu","days","7.08"
"Length of stay","Georgia","Kauai","days","6.28"
"Length of stay","Georgia","Maui Island","days","7.12"
"Length of stay","Georgia","Molokai","days","4.64"
"Length of stay","Georgia","Lanai","days","3.39"
"Length of stay","Georgia","Hilo","days","3.88"
"Length of stay","Georgia","Kona","days","6.44"
"Length of stay","Idaho","Oahu","days","7.77"
"Length of stay","Idaho","Kauai","days","8.70"
"Length of stay","Idaho","Maui Island","days","8.71"
"Length of stay","Idaho","Molokai","days","7.88"
"Length of stay","Idaho","Lanai","days","4.99"
"Length of stay","Idaho","Hilo","days","5.47"
"Length of stay","Idaho","Kona","days","8.58"
"Length of stay","Illinois","Oahu","days","6.64"
"Length of stay","Illinois","Kauai","days","7.16"
"Length of stay","Illinois","Maui Island","days","8.08"
"Length of stay","Illinois","Molokai","days","4.57"
"Length of stay","Illinois","Lanai","days","3.70"
"Length of stay","Illinois","Hilo","days","4.04"
"Length of stay","Illinois","Kona","days","6.97"
"Length of stay","Indiana","Oahu","days","6.93"
"Length of stay","Indiana","Kauai","days","7.22"
"Length of stay","Indiana","Maui Island","days","8.10"
"Length of stay","Indiana","Molokai","days","5.96"
"Length of stay","Indiana","Lanai","days","2.95"
"Length of stay","Indiana","Hilo","days","3.80"
"Length of stay","Indiana","Kona","days","6.54"
"Length of stay","Iowa","Oahu","days","7.03"
"Length of stay","Iowa","Kauai","days","7.71"
"Length of stay","Iowa","Maui Island","days","8.35"
"Length of stay","Iowa","Molokai","days","5.29"
"Length of stay","Iowa","Lanai","days","2.71"
"Length of stay","Iowa","Hilo","days","3.97"
"Length of stay","Iowa","Kona","days","7.47"
"Length of stay","Kansas","Oahu","days","7.10"
"Length of stay","Kansas","Kauai","days","7.21"
"Length of stay","Kansas","Maui Island","days","7.93"
"Length of stay","Kansas","Molokai","days","3.52"
"Length of stay","Kansas","Lanai","days","3.69"
"Length of stay","Kansas","Hilo","days","4.20"
"Length of stay","Kansas","Kona","days","6.64"
"Length of stay","Kentucky","Oahu","days","7.18"
"Length of stay","Kentucky","Kauai","days","6.62"
"Length of stay","Kentucky","Maui Island","days","7.80"
"Length of stay","Kentucky","Molokai","days","3.85"
"Length of stay","Kentucky","Lanai","days","3.01"
"Length of stay","Kentucky","Hilo","days","4.08"
"Length of stay","Kentucky","Kona","days","6.68"
"Length of stay","Louisiana","Oahu","days","7.01"
"Length of stay","Louisiana","Kauai","days","6.32"
"Length of stay","Louisiana","Maui Island","days","6.97"
"Length of stay","Louisiana","Molokai","days","3.85"
"Length of stay","Louisiana","Lanai","days","2.99"
"Length of stay","Louisiana","Hilo","days","3.61"
"Length of stay","Louisiana","Kona","days","5.94"
"Length of stay","Maine","Oahu","days","8.81"
"Length of stay","Maine","Kauai","days","8.48"
"Length of stay","Maine","Maui Island","days","9.00"
"Length of stay","Maine","Molokai","days","8.03"
"Length of stay","Maine","Lanai","days","4.16"
"Length of stay","Maine","Hilo","days","5.95"
"Length of stay","Maine","Kona","days","8.17"
"Length of stay","Maryland","Oahu","days","7.47"
"Length of stay","Maryland","Kauai","days","6.68"
"Length of stay","Maryland","Maui Island","days","7.42"
"Length of stay","Maryland","Molokai","days","5.09"
"Length of stay","Maryland","Lanai","days","3.49"
"Length of stay","Maryland","Hilo","days","4.04"
"Length of stay","Maryland","Kona","days","6.41"
"Length of stay","Massachusetts","Oahu","days","7.15"
"Length of stay","Massachusetts","Kauai","days","7.30"
"Length of stay","Massachusetts","Maui Island","days","8.11"
"Length of stay","Massachusetts","Molokai","days","5.26"
"Length of stay","Massachusetts","Lanai","days","3.42"
"Length of stay","Massachusetts","Hilo","days","4.72"
"Length of stay","Massachusetts","Kona","days","7.00"
"Length of stay","Michigan","Oahu","days","7.06"
"Length of stay","Michigan","Kauai","days","7.58"
"Length of stay","Michigan","Maui Island","days","8.57"
"Length of stay","Michigan","Molokai","days","5.29"
"Length of stay","Michigan","Lanai","days","3.73"
"Length of stay","Michigan","Hilo","days","4.33"
"Length of stay","Michigan","Kona","days","7.47"
"Length of stay","Minnesota","Oahu","days","7.21"
"Length of stay","Minnesota","Kauai","days","8.24"
"Length of stay","Minnesota","Maui Island","days","9.01"
"Length of stay","Minnesota","Molokai","days","6.36"
"Length of stay","Minnesota","Lanai","days","3.68"
"Length of stay","Minnesota","Hilo","days","4.41"
"Length of stay","Minnesota","Kona","days","8.17"
"Length of stay","Mississippi","Oahu","days","7.26"
"Length of stay","Mississippi","Kauai","days","6.33"
"Length of stay","Mississippi","Maui Island","days","7.20"
"Length of stay","Mississippi","Molokai","days","4.35"
"Length of stay","Mississippi","Lanai","days","4.25"
"Length of stay","Mississippi","Hilo","days","4.67"
"Length of stay","Mississippi","Kona","days","6.45"
"Length of stay","Missouri","Oahu","days","6.95"
"Length of stay","Missouri","Kauai","days","7.45"
"Length of stay","Missouri","Maui Island","days","7.90"
"Length of stay","Missouri","Molokai","days","4.70"
"Length of stay","Missouri","Lanai","days","4.28"
"Length of stay","Missouri","Hilo","days","3.88"
"Length of stay","Missouri","Kona","days","6.78"
"Length of stay","Montana","Oahu","days","7.88"
"Length of stay","Montana","Kauai","days","9.32"
"Length of stay","Montana","Maui Island","days","9.46"
"Length of stay","Montana","Molokai","days","9.82"
"Length of stay","Montana","Lanai","days","4.62"
"Length of stay","Montana","Hilo","days","5.24"
"Length of stay","Montana","Kona","days","9.67"
"Length of stay","N. Carolina","Oahu","days","7.32"
"Length of stay","N. Carolina","Kauai","days","6.66"
"Length of stay","N. Carolina","Maui Island","days","7.54"
"Length of stay","N. Carolina","Molokai","days","3.74"
"Length of stay","N. Carolina","Lanai","days","3.83"
"Length of stay","N. Carolina","Hilo","days","4.02"
"Length of stay","N. Carolina","Kona","days","6.71"
"Length of stay","N. Dakota","Oahu","days","7.32"
"Length of stay","N. Dakota","Kauai","days","8.35"
"Length of stay","N. Dakota","Maui Island","days","8.54"
"Length of stay","N. Dakota","Molokai","days","17.80"
"Length of stay","N. Dakota","Lanai","days","3.23"
"Length of stay","N. Dakota","Hilo","days","6.56"
"Length of stay","N. Dakota","Kona","days","7.90"
"Length of stay","Nebraska","Oahu","days","6.99"
"Length of stay","Nebraska","Kauai","days","7.26"
"Length of stay","Nebraska","Maui Island","days","7.92"
"Length of stay","Nebraska","Molokai","days","4.33"
"Length of stay","Nebraska","Lanai","days","2.60"
"Length of stay","Nebraska","Hilo","days","4.34"
"Length of stay","Nebraska","Kona","days","7.66"
"Length of stay","Nevada","Oahu","days","7.39"
"Length of stay","Nevada","Kauai","days","7.76"
"Length of stay","Nevada","Maui Island","days","8.14"
"Length of stay","Nevada","Molokai","days","5.42"
"Length of stay","Nevada","Lanai","days","4.96"
"Length of stay","Nevada","Hilo","days","5.44"
"Length of stay","Nevada","Kona","days","7.50"
"Length of stay","New Hampshire","Oahu","days","8.10"
"Length of stay","New Hampshire","Kauai","days","8.31"
"Length of stay","New Hampshire","Maui Island","days","8.81"
"Length of stay","New Hampshire","Molokai","days","7.39"
"Length of stay","New Hampshire","Lanai","days","4.47"
"Length of stay","New Hampshire","Hilo","days","4.29"
"Length of stay","New Hampshire","Kona","days","7.69"
"Length of stay","New Jersey","Oahu","days","6.57"
"Length of stay","New Jersey","Kauai","days","6.28"
"Length of stay","New Jersey","Maui Island","days","7.42"
"Length of stay","New Jersey","Molokai","days","4.14"
"Length of stay","New Jersey","Lanai","days","3.45"
"Length of stay","New Jersey","Hilo","days","3.98"
"Length of stay","New Jersey","Kona","days","6.27"
"Length of stay","New Mexico","Oahu","days","7.46"
"Length of stay","New Mexico","Kauai","days","8.55"
"Length of stay","New Mexico","Maui Island","days","8.29"
"Length of stay","New Mexico","Molokai","days","5.34"
"Length of stay","New Mexico","Lanai","days","3.09"
"Length of stay","New Mexico","Hilo","days","5.28"
"Length of stay","New Mexico","Kona","days","7.76"
"Length of stay","New York","Oahu","days","6.84"
"Length of stay","New York","Kauai","days","6.60"
"Length of stay","New York","Maui Island","days","7.59"
"Length of stay","New York","Molokai","days","5.40"
"Length of stay","New York","Lanai","days","4.07"
"Length of stay","New York","Hilo","days","4.30"
"Length of stay","New York","Kona","days","6.53"
"Length of stay","Ohio","Oahu","days","6.86"
"Length of stay","Ohio","Kauai","days","6.86"
"Length of stay","Ohio","Maui Island","days","7.85"
"Length of stay","Ohio","Molokai","days","5.12"
"Length of stay","Ohio","Lanai","days","3.41"
"Length of stay","Ohio","Hilo","days","3.80"
"Length of stay","Ohio","Kona","days","6.73"
"Length of stay","Oklahoma","Oahu","days","7.29"
"Length of stay","Oklahoma","Kauai","days","7.32"
"Length of stay","Oklahoma","Maui Island","days","7.72"
"Length of stay","Oklahoma","Molokai","days","3.18"
"Length of stay","Oklahoma","Lanai","days","3.42"
"Length of stay","Oklahoma","Hilo","days","4.48"
"Length of stay","Oklahoma","Kona","days","7.18"
"Length of stay","Oregon","Oahu","days","7.55"
"Length of stay","Oregon","Kauai","days","8.75"
"Length of stay","Oregon","Maui Island","days","8.89"
"Length of stay","Oregon","Molokai","days","7.92"
"Length of stay","Oregon","Lanai","days","4.47"
"Length of stay","Oregon","Hilo","days","5.39"
"Length of stay","Oregon","Kona","days","8.85"
"Length of stay","Pennsylvania","Oahu","days","7.07"
"Length of stay","Pennsylvania","Kauai","days","6.50"
"Length of stay","Pennsylvania","Maui Island","days","7.69"
"Length of stay","Pennsylvania","Molokai","days","5.20"
"Length of stay","Pennsylvania","Lanai","days","3.46"
"Length of stay","Pennsylvania","Hilo","days","4.16"
"Length of stay","Pennsylvania","Kona","days","6.91"
"Length of stay","Rhode Island","Oahu","days","7.88"
"Length of stay","Rhode Island","Kauai","days","6.75"
"Length of stay","Rhode Island","Maui Island","days","7.95"
"Length of stay","Rhode Island","Molokai","days","3.24"
"Length of stay","Rhode Island","Lanai","days","2.05"
"Length of stay","Rhode Island","Hilo","days","4.87"
"Length of stay","Rhode Island","Kona","days","6.59"
"Length of stay","S. Carolina","Oahu","days","7.63"
"Length of stay","S. Carolina","Kauai","days","6.53"
"Length of stay","S. Carolina","Maui Island","days","7.57"
"Length of stay","S. Carolina","Molokai","days","4.75"
"Length of stay","S. Carolina","Lanai","days","3.27"
"Length of stay","S. Carolina","Hilo","days","3.81"
"Length of stay","S. Carolina","Kona","days","6.51"
"Length of stay","S. Dakota","Oahu","days","7.39"
"Length of stay","S. Dakota","Kauai","days","8.30"
"Length of stay","S. Dakota","Maui Island","days","8.79"
"Length of stay","S. Dakota","Molokai","days","8.24"
"Length of stay","S. Dakota","Lanai","days","4.26"
"Length of stay","S. Dakota","Hilo","days","5.62"
"Length of stay","S. Dakota","Kona","days","9.13"
"Length of stay","Tennessee","Oahu","days","7.10"
"Length of stay","Tennessee","Kauai","days","6.76"
"Length of stay","Tennessee","Maui Island","days","7.44"
"Length of stay","Tennessee","Molokai","days","3.56"
"Length of stay","Tennessee","Lanai","days","3.77"
"Length of stay","Tennessee","Hilo","days","3.70"
"Length of stay","Tennessee","Kona","days","6.74"
"Length of stay","Texas","Oahu","days","6.86"
"Length of stay","Texas","Kauai","days","7.00"
"Length of stay","Texas","Maui Island","days","7.41"
"Length of stay","Texas","Molokai","days","4.40"
"Length of stay","Texas","Lanai","days","3.45"
"Length of stay","Texas","Hilo","days","4.03"
"Length of stay","Texas","Kona","days","6.54"
"Length of stay","Utah","Oahu","days","7.39"
"Length of stay","Utah","Kauai","days","8.15"
"Length of stay","Utah","Maui Island","days","8.06"
"Length of stay","Utah","Molokai","days","5.16"
"Length of stay","Utah","Lanai","days","4.47"
"Length of stay","Utah","Hilo","days","4.42"
"Length of stay","Utah","Kona","days","7.34"
"Length of stay","Vermont","Oahu","days","8.87"
"Length of stay","Vermont","Kauai","days","10.06"
"Length of stay","Vermont","Maui Island","days","9.57"
"Length of stay","Vermont","Molokai","days","13.17"
"Length of stay","Vermont","Lanai","days","4.16"
"Length of stay","Vermont","Hilo","days","7.48"
"Length of stay","Vermont","Kona","days","9.15"
"Length of stay","Virginia","Oahu","days","7.79"
"Length of stay","Virginia","Kauai","days","6.83"
"Length of stay","Virginia","Maui Island","days","7.53"
"Length of stay","Virginia","Molokai","days","4.58"
"Length of stay","Virginia","Lanai","days","3.96"
"Length of stay","Virginia","Hilo","days","4.27"
"Length of stay","Virginia","Kona","days","6.78"
"Length of stay","Washington","Oahu","days","7.61"
"Length of stay","Washington","Kauai","days","8.84"
"Length of stay","Washington","Maui Island","days","9.02"
"Length of stay","Washington","Molokai","days","8.38"
"Length of stay","Washington","Lanai","days","4.49"
"Length of stay","Washington","Hilo","days","5.06"
"Length of stay","Washington","Kona","days","8.78"
"Length of stay","Washington, D.C.","Oahu","days","6.67"
"Length of stay","Washington, D.C.","Kauai","days","6.67"
"Length of stay","Washington, D.C.","Maui Island","days","7.21"
"Length of stay","Washington, D.C.","Molokai","days","5.06"
"Length of stay","Washington, D.C.","Lanai","days","3.77"
"Length of stay","Washington, D.C.","Hilo","days","4.49"
"Length of stay","Washington, D.C.","Kona","days","6.43"
"Length of stay","W. Virginia","Oahu","days","7.75"
"Length of stay","W. Virginia","Kauai","days","7.03"
"Length of stay","W. Virginia","Maui Island","days","7.69"
"Length of stay","W. Virginia","Molokai","days","4.80"
"Length of stay","W. Virginia","Lanai","days","2.94"
"Length of stay","W. Virginia","Hilo","days","4.11"
"Length of stay","W. Virginia","Kona","days","6.96"
"Length of stay","Wisconsin","Oahu","days","7.09"
"Length of stay","Wisconsin","Kauai","days","7.73"
"Length of stay","Wisconsin","Maui Island","days","8.49"
"Length of stay","Wisconsin","Molokai","days","6.65"
"Length of stay","Wisconsin","Lanai","days","3.40"
"Length of stay","Wisconsin","Hilo","days","4.61"
"Length of stay","Wisconsin","Kona","days","7.81"
"Length of stay","Wyoming","Oahu","days","7.54"
"Length of stay","Wyoming","Kauai","days","8.37"
"Length of stay","Wyoming","Maui Island","days","8.70"
"Length of stay","Wyoming","Molokai","days","7.40"
"Length of stay","Wyoming","Lanai","days","5.40"
"Length of stay","Wyoming","Hilo","days","4.59"
"Length of stay","Wyoming","Kona","days","8.63"
